시도교육청,지역교육청,지역,"정보공시 
학교코드",학교명,학교급코드,설립구분,제외여부,제외사유,"주 출입구 
접근로 
설치여부","장애인 전용 주차구역 
지정여부","주출입구 
높이차이 
제거여부","출입구(문) 
설치유무",복도,"계단/승강기/
경사로/
휠체어리프트 유무","장애인용 대변기 
설치여부","장애인용 소변기 
설치여부"," 점자블록 
설치여부"," 유도 및 안내설비 
설치여부"," 경보 및 피난설비 
설치여부"
광주광역시교육청,교육부,광주광역시 북구,S000003503,광주교육대학교광주부설초등학교,2,국립,N,,적정설치,적정설치,적정설치,적정설치,적정설치,적정설치,적정설치,적정설치,적정설치,적정설치,적정설치
광주광역시교육청,광주광역시동부교육지원청,광주광역시 북구,S050000210,각화초등학교,2,공립,N,,적정설치,적정설치,적정설치,적정설치,적정설치,적정설치,적정설치,적정설치,적정설치,적정설치,적정설치
광주광역시교육청,광주광역시동부교육지원청,광주광역시 북구,S050000211,경양초등학교,2,공립,N,,적정설치,적정설치,적정설치,적정설치,적정설치,적정설치,적정설치,적정설치,적정설치,적정설치,적정설치
광주광역시교육청,광주광역시동부교육지원청,광주광역시 동구,S050000212,광주계림초등학교,2,공립,N,,적정설치,적정설치,적정설치,적정설치,적정설치,적정설치,적정설치,적정설치,적정설치,적정설치,적정설치
광주광역시교육청,광주광역시동부교육지원청,광주광역시 동구,S050000213,광주남초등학교,2,공립,N,,적정설치,적정설치,적정설치,적정설치,적정설치,적정설치,적정설치,적정설치,적정설치,적정설치,적정설치
광주광역시교육청,광주광역시동부교육지원청,광주광역시 동구,S050000214,광주동산초등학교,2,공립,N,,적정설치,적정설치,적정설치,적정설치,적정설치,적정설치,적정설치,미설치,적정설치,적정설치,적정설치
광주광역시교육청,광주광역시동부교육지원청,광주광역시 북구,S050000215,광주동운초등학교,2,공립,N,,적정설치,적정설치,적정설치,적정설치,적정설치,적정설치,적정설치,적정설치,적정설치,적정설치,적정설치
광주광역시교육청,광주광역시동부교육지원청,광주광역시 북구,S050000216,광주동초등학교,2,공립,N,,적정설치,적정설치,적정설치,적정설치,적정설치,적정설치,적정설치,적정설치,적정설치,적정설치,적정설치
광주광역시교육청,광주광역시동부교육지원청,광주광역시 북구,S050000218,광주동초등학교충효분교장,2,공립,N,,적정설치,적정설치,적정설치,적정설치,적정설치,미설치,적정설치,적정설치,적정설치,적정설치,적정설치
광주광역시교육청,광주광역시동부교육지원청,광주광역시 북구,S050000219,광주문화초등학교,2,공립,N,,적정설치,적정설치,적정설치,적정설치,미설치,적정설치,적정설치,적정설치,적정설치,적정설치,적정설치
광주광역시교육청,광주광역시동부교육지원청,광주광역시 동구,S050000221,광주산수초등학교,2,공립,N,,적정설치,적정설치,적정설치,적정설치,적정설치,미설치,적정설치,적정설치,적정설치,적정설치,적정설치
광주광역시교육청,광주광역시동부교육지원청,광주광역시 북구,S050000222,광주서림초등학교,2,공립,N,,적정설치,적정설치,적정설치,적정설치,적정설치,적정설치,적정설치,적정설치,적정설치,적정설치,미설치
광주광역시교육청,광주광역시동부교육지원청,광주광역시 북구,S050000223,광주서산초등학교,2,공립,N,,적정설치,적정설치,적정설치,적정설치,미설치,적정설치,적정설치,적정설치,적정설치,적정설치,적정설치
광주광역시교육청,광주광역시동부교육지원청,광주광역시 동구,S050000224,광주서석초등학교,2,공립,N,,적정설치,적정설치,적정설치,적정설치,미설치,미설치,적정설치,적정설치,적정설치,적정설치,적정설치
광주광역시교육청,광주광역시동부교육지원청,광주광역시 북구,S050000225,광주수창초등학교,2,공립,N,,단순설치,적정설치,적정설치,적정설치,적정설치,미설치,적정설치,적정설치,적정설치,적정설치,적정설치
광주광역시교육청,광주광역시동부교육지원청,광주광역시 북구,S050000226,광주양산초등학교,2,공립,N,,적정설치,적정설치,적정설치,적정설치,적정설치,적정설치,적정설치,적정설치,적정설치,적정설치,적정설치
광주광역시교육청,광주광역시동부교육지원청,광주광역시 북구,S050000227,광주용봉초등학교,2,공립,N,,적정설치,적정설치,적정설치,적정설치,적정설치,미설치,적정설치,적정설치,적정설치,적정설치,적정설치
광주광역시교육청,광주광역시동부교육지원청,광주광역시 동구,S050000228,광주용산초등학교,2,공립,N,,적정설치,적정설치,적정설치,적정설치,미설치,미설치,적정설치,적정설치,적정설치,적정설치,적정설치
광주광역시교육청,광주광역시동부교육지원청,광주광역시 북구,S050000229,광주우산초등학교,2,공립,N,,적정설치,적정설치,적정설치,적정설치,적정설치,미설치,적정설치,적정설치,적정설치,적정설치,적정설치
광주광역시교육청,광주광역시동부교육지원청,광주광역시 북구,S050000230,광주운암초등학교,2,공립,N,,적정설치,적정설치,적정설치,적정설치,적정설치,적정설치,적정설치,적정설치,적정설치,적정설치,적정설치
광주광역시교육청,광주광역시동부교육지원청,광주광역시 동구,S050000231,광주장원초등학교,2,공립,N,,적정설치,적정설치,적정설치,적정설치,적정설치,미설치,적정설치,적정설치,적정설치,적정설치,적정설치
광주광역시교육청,광주광역시동부교육지원청,광주광역시 동구,S050000233,광주중앙초등학교,2,공립,N,,단순설치,적정설치,단순설치,적정설치,적정설치,적정설치,적정설치,적정설치,단순설치,적정설치,적정설치
광주광역시교육청,광주광역시동부교육지원청,광주광역시 북구,S050000234,광주중흥초등학교,2,공립,N,,적정설치,적정설치,적정설치,적정설치,적정설치,미설치,미설치,미설치,적정설치,적정설치,적정설치
광주광역시교육청,광주광역시동부교육지원청,광주광역시 북구,S050000235,광주지산초등학교,2,공립,N,,적정설치,적정설치,적정설치,적정설치,적정설치,적정설치,적정설치,적정설치,적정설치,적정설치,적정설치
광주광역시교육청,광주광역시동부교육지원청,광주광역시 북구,S050000239,광주풍향초등학교,2,공립,N,,적정설치,적정설치,적정설치,적정설치,적정설치,단순설치,적정설치,적정설치,적정설치,적정설치,적정설치
광주광역시교육청,광주광역시동부교육지원청,광주광역시 동구,S050000240,광주학운초등학교,2,공립,N,,적정설치,적정설치,적정설치,적정설치,적정설치,미설치,적정설치,적정설치,적정설치,적정설치,적정설치
광주광역시교육청,광주광역시동부교육지원청,광주광역시 북구,S050000241,광주효동초등학교,2,공립,N,,적정설치,적정설치,적정설치,적정설치,적정설치,적정설치,적정설치,적정설치,적정설치,적정설치,적정설치
광주광역시교육청,광주광역시동부교육지원청,광주광역시 북구,S050000242,대자초등학교,2,공립,N,,적정설치,적정설치,적정설치,적정설치,적정설치,적정설치,적정설치,적정설치,적정설치,적정설치,적정설치
광주광역시교육청,광주광역시동부교육지원청,광주광역시 북구,S050000243,동림초등학교,2,공립,N,,적정설치,적정설치,적정설치,적정설치,적정설치,미설치,적정설치,적정설치,적정설치,적정설치,적정설치
광주광역시교육청,광주광역시동부교육지원청,광주광역시 북구,S050000244,두암초등학교,2,공립,N,,적정설치,적정설치,적정설치,적정설치,적정설치,적정설치,적정설치,적정설치,적정설치,적정설치,적정설치
광주광역시교육청,광주광역시동부교육지원청,광주광역시 북구,S050000245,매곡초등학교,2,공립,N,,적정설치,적정설치,적정설치,적정설치,적정설치,미설치,적정설치,적정설치,적정설치,적정설치,미설치
광주광역시교육청,광주광역시동부교육지원청,광주광역시 북구,S050000246,무등초등학교,2,공립,N,,적정설치,적정설치,적정설치,적정설치,적정설치,적정설치,적정설치,적정설치,적정설치,적정설치,적정설치
광주광역시교육청,광주광역시동부교육지원청,광주광역시 북구,S050000247,문산초등학교,2,공립,N,,적정설치,적정설치,적정설치,적정설치,미설치,미설치,적정설치,적정설치,적정설치,적정설치,적정설치
광주광역시교육청,광주광역시동부교육지원청,광주광역시 북구,S050000248,문정초등학교,2,공립,N,,적정설치,적정설치,적정설치,적정설치,적정설치,미설치,적정설치,적정설치,적정설치,적정설치,적정설치
광주광역시교육청,광주광역시동부교육지원청,광주광역시 북구,S050000249,문흥중앙초등학교,2,공립,N,,적정설치,적정설치,적정설치,적정설치,적정설치,적정설치,적정설치,적정설치,적정설치,적정설치,적정설치
광주광역시교육청,광주광역시동부교육지원청,광주광역시 북구,S050000250,문흥초등학교,2,공립,N,,적정설치,적정설치,적정설치,적정설치,적정설치,적정설치,적정설치,적정설치,적정설치,적정설치,적정설치
광주광역시교육청,광주광역시서부교육지원청,광주광역시 서구,S050000252,살레시오초등학교,2,사립,N,,적정설치,적정설치,적정설치,적정설치,미설치,적정설치,적정설치,적정설치,적정설치,적정설치,적정설치
광주광역시교육청,광주광역시동부교육지원청,광주광역시 북구,S050000253,삼각초등학교,2,공립,N,,적정설치,적정설치,적정설치,적정설치,미설치,적정설치,적정설치,적정설치,적정설치,적정설치,적정설치
광주광역시교육청,광주광역시동부교육지원청,광주광역시 북구,S050000254,삼정초등학교,2,공립,N,,적정설치,적정설치,적정설치,적정설치,적정설치,적정설치,적정설치,적정설치,적정설치,적정설치,적정설치
광주광역시교육청,광주광역시동부교육지원청,광주광역시 북구,S050000255,서일초등학교,2,공립,N,,적정설치,적정설치,적정설치,적정설치,적정설치,적정설치,적정설치,적정설치,적정설치,적정설치,적정설치
광주광역시교육청,광주광역시동부교육지원청,광주광역시 북구,S050000256,오정초등학교,2,공립,N,,적정설치,적정설치,적정설치,적정설치,적정설치,적정설치,적정설치,적정설치,적정설치,적정설치,미설치
광주광역시교육청,광주광역시동부교육지원청,광주광역시 북구,S050000257,오치초등학교,2,공립,N,,적정설치,적정설치,적정설치,적정설치,적정설치,적정설치,적정설치,적정설치,적정설치,적정설치,적정설치
광주광역시교육청,광주광역시동부교육지원청,광주광역시 북구,S050000258,용두초등학교,2,공립,N,,적정설치,적정설치,적정설치,적정설치,적정설치,적정설치,적정설치,적정설치,적정설치,적정설치,적정설치
광주광역시교육청,광주광역시동부교육지원청,광주광역시 북구,S050000260,용주초등학교,2,공립,N,,적정설치,적정설치,적정설치,적정설치,적정설치,적정설치,적정설치,적정설치,적정설치,적정설치,적정설치
광주광역시교육청,광주광역시동부교육지원청,광주광역시 동구,S050000262,율곡초등학교,2,공립,N,,적정설치,적정설치,적정설치,적정설치,적정설치,적정설치,적정설치,적정설치,적정설치,적정설치,적정설치
광주광역시교육청,광주광역시동부교육지원청,광주광역시 북구,S050000263,일곡초등학교,2,공립,N,,적정설치,적정설치,적정설치,적정설치,적정설치,적정설치,적정설치,적정설치,적정설치,적정설치,적정설치
광주광역시교육청,광주광역시동부교육지원청,광주광역시 북구,S050000264,일동초등학교,2,공립,N,,적정설치,적정설치,적정설치,적정설치,적정설치,적정설치,적정설치,적정설치,적정설치,적정설치,적정설치
광주광역시교육청,광주광역시동부교육지원청,광주광역시 북구,S050000265,일신초등학교,2,공립,N,,적정설치,적정설치,적정설치,적정설치,적정설치,적정설치,적정설치,적정설치,적정설치,적정설치,적정설치
광주광역시교육청,광주광역시동부교육지원청,광주광역시 북구,S050000266,태봉초등학교,2,공립,N,,적정설치,적정설치,적정설치,적정설치,적정설치,적정설치,적정설치,적정설치,적정설치,적정설치,적정설치
광주광역시교육청,광주광역시서부교육지원청,광주광역시 서구,S050000411,광주광천초등학교,2,공립,N,,적정설치,적정설치,적정설치,적정설치,미설치,적정설치,적정설치,적정설치,적정설치,적정설치,적정설치
광주광역시교육청,광주광역시서부교육지원청,광주광역시 서구,S050000412,광주극락초등학교,2,공립,N,,적정설치,적정설치,적정설치,적정설치,적정설치,미설치,적정설치,적정설치,적정설치,적정설치,적정설치
광주광역시교육청,광주광역시서부교육지원청,광주광역시 남구,S050000413,광주농성초등학교,2,공립,N,,적정설치,적정설치,적정설치,적정설치,미설치,미설치,적정설치,적정설치,적정설치,적정설치,적정설치
광주광역시교육청,광주광역시서부교육지원청,광주광역시 남구,S050000414,광주대성초등학교,2,공립,N,,적정설치,적정설치,적정설치,적정설치,적정설치,미설치,적정설치,적정설치,적정설치,적정설치,적정설치
광주광역시교육청,광주광역시서부교육지원청,광주광역시 남구,S050000415,광주방림초등학교,2,공립,N,,적정설치,적정설치,적정설치,적정설치,적정설치,적정설치,적정설치,적정설치,적정설치,적정설치,적정설치
광주광역시교육청,광주광역시서부교육지원청,광주광역시 남구,S050000416,광주백운초등학교,2,공립,N,,적정설치,적정설치,적정설치,적정설치,적정설치,적정설치,적정설치,적정설치,적정설치,적정설치,적정설치
광주광역시교육청,광주광역시서부교육지원청,광주광역시 남구,S050000417,광주봉주초등학교,2,공립,N,,적정설치,적정설치,적정설치,적정설치,적정설치,적정설치,적정설치,적정설치,적정설치,적정설치,적정설치
광주광역시교육청,광주광역시서부교육지원청,광주광역시 남구,S050000418,광주삼육초등학교,2,사립,N,,미설치,단순설치,미설치,미설치,미설치,적정설치,미설치,미설치,미설치,미설치,미설치
광주광역시교육청,광주광역시서부교육지원청,광주광역시 서구,S050000419,광주상무초등학교,2,공립,N,,적정설치,적정설치,적정설치,적정설치,적정설치,적정설치,적정설치,적정설치,적정설치,적정설치,미설치
광주광역시교육청,광주광역시서부교육지원청,광주광역시 서구,S050000420,광주서초등학교,2,공립,N,,적정설치,적정설치,적정설치,적정설치,적정설치,적정설치,적정설치,적정설치,적정설치,적정설치,적정설치
광주광역시교육청,광주광역시서부교육지원청,광주광역시 남구,S050000421,광주송원초등학교,2,사립,N,,단순설치,적정설치,적정설치,적정설치,단순설치,적정설치,적정설치,적정설치,단순설치,미설치,적정설치
광주광역시교육청,광주광역시서부교육지원청,광주광역시 서구,S050000422,광주양동초등학교,2,공립,N,,적정설치,적정설치,적정설치,적정설치,미설치,미설치,적정설치,적정설치,적정설치,적정설치,미설치
광주광역시교육청,광주광역시서부교육지원청,광주광역시 남구,S050000423,광주월산초등학교,2,공립,N,,적정설치,적정설치,적정설치,적정설치,적정설치,미설치,적정설치,적정설치,적정설치,적정설치,적정설치
광주광역시교육청,광주광역시서부교육지원청,광주광역시 남구,S050000424,광주제석초등학교,2,공립,N,,적정설치,적정설치,적정설치,적정설치,미설치,적정설치,적정설치,미설치,적정설치,적정설치,단순설치
광주광역시교육청,광주광역시서부교육지원청,광주광역시 남구,S050000425,광주학강초등학교,2,공립,N,,적정설치,미설치,적정설치,미설치,단순설치,미설치,단순설치,단순설치,적정설치,단순설치,미설치
광주광역시교육청,광주광역시서부교육지원청,광주광역시 서구,S050000426,광주화정초등학교,2,공립,N,,적정설치,적정설치,적정설치,적정설치,미설치,단순설치,적정설치,적정설치,적정설치,적정설치,단순설치
광주광역시교육청,광주광역시서부교육지원청,광주광역시 남구,S050000427,광주효덕초등학교,2,공립,N,,단순설치,적정설치,단순설치,단순설치,적정설치,적정설치,적정설치,적정설치,적정설치,적정설치,적정설치
광주광역시교육청,광주광역시서부교육지원청,광주광역시 광산구,S050000428,금구초등학교,2,공립,N,,적정설치,적정설치,적정설치,적정설치,적정설치,적정설치,적정설치,적정설치,적정설치,적정설치,미설치
광주광역시교육청,광주광역시서부교육지원청,광주광역시 서구,S050000429,금당초등학교,2,공립,N,,적정설치,적정설치,적정설치,적정설치,적정설치,적정설치,적정설치,적정설치,적정설치,적정설치,미설치
광주광역시교육청,광주광역시서부교육지원청,광주광역시 서구,S050000430,금부초등학교,2,공립,N,,적정설치,적정설치,적정설치,적정설치,미설치,적정설치,적정설치,미설치,적정설치,적정설치,미설치
광주광역시교육청,광주광역시서부교육지원청,광주광역시 서구,S050000431,금호초등학교,2,공립,N,,적정설치,적정설치,적정설치,미설치,미설치,미설치,적정설치,적정설치,적정설치,적정설치,미설치
광주광역시교육청,광주광역시서부교육지원청,광주광역시 남구,S050000433,대촌중앙초등학교,2,공립,N,,적정설치,적정설치,적정설치,적정설치,적정설치,적정설치,적정설치,적정설치,적정설치,적정설치,적정설치
광주광역시교육청,광주광역시서부교육지원청,광주광역시 광산구,S050000434,동곡초등학교,2,공립,N,,적정설치,적정설치,적정설치,적정설치,적정설치,적정설치,적정설치,적정설치,적정설치,적정설치,적정설치
광주광역시교육청,광주광역시서부교육지원청,광주광역시 서구,S050000435,마재초등학교,2,공립,N,,적정설치,적정설치,적정설치,미설치,미설치,단순설치,적정설치,적정설치,적정설치,적정설치,적정설치
광주광역시교육청,광주광역시서부교육지원청,광주광역시 광산구,S050000436,마지초등학교,2,공립,N,,적정설치,적정설치,적정설치,적정설치,적정설치,적정설치,적정설치,적정설치,적정설치,적정설치,적정설치
광주광역시교육청,광주광역시서부교육지원청,광주광역시 남구,S050000437,무학초등학교,2,공립,N,,적정설치,적정설치,적정설치,적정설치,적정설치,미설치,적정설치,적정설치,적정설치,미설치,미설치
광주광역시교육청,광주광역시서부교육지원청,광주광역시 광산구,S050000438,미산초등학교,2,공립,N,,적정설치,적정설치,적정설치,적정설치,적정설치,적정설치,적정설치,적정설치,적정설치,적정설치,적정설치
광주광역시교육청,광주광역시서부교육지원청,광주광역시 광산구,S050000439,목련초등학교,2,공립,N,,적정설치,적정설치,적정설치,적정설치,적정설치,적정설치,적정설치,적정설치,적정설치,적정설치,적정설치
광주광역시교육청,광주광역시서부교육지원청,광주광역시 서구,S050000440,성진초등학교,2,공립,N,,적정설치,적정설치,적정설치,적정설치,적정설치,적정설치,적정설치,적정설치,적정설치,적정설치,적정설치
광주광역시교육청,광주광역시서부교육지원청,광주광역시 광산구,S050000443,본량초등학교,2,공립,N,,적정설치,적정설치,적정설치,적정설치,적정설치,미설치,적정설치,적정설치,적정설치,적정설치,적정설치
광주광역시교육청,광주광역시서부교육지원청,광주광역시 남구,S050000445,봉선초등학교,2,공립,N,,적정설치,적정설치,적정설치,적정설치,적정설치,적정설치,적정설치,적정설치,적정설치,적정설치,미설치
광주광역시교육청,광주광역시서부교육지원청,광주광역시 광산구,S050000447,비아초등학교,2,공립,N,,적정설치,적정설치,적정설치,적정설치,적정설치,적정설치,적정설치,적정설치,적정설치,적정설치,적정설치
광주광역시교육청,광주광역시서부교육지원청,광주광역시 광산구,S050000448,산월초등학교,2,공립,N,,적정설치,적정설치,적정설치,적정설치,미설치,미설치,적정설치,적정설치,적정설치,적정설치,미설치
광주광역시교육청,광주광역시서부교육지원청,광주광역시 광산구,S050000451,삼도초등학교,2,공립,N,,미설치,적정설치,적정설치,적정설치,미설치,미설치,적정설치,적정설치,적정설치,적정설치,적정설치
광주광역시교육청,광주광역시서부교육지원청,광주광역시 서구,S050000453,서광초등학교,2,공립,N,,적정설치,적정설치,적정설치,적정설치,적정설치,적정설치,적정설치,적정설치,적정설치,적정설치,적정설치
광주광역시교육청,광주광역시서부교육지원청,광주광역시 광산구,S050000454,송우초등학교,2,공립,N,,적정설치,적정설치,적정설치,적정설치,미설치,적정설치,적정설치,적정설치,적정설치,적정설치,적정설치
광주광역시교육청,광주광역시서부교육지원청,광주광역시 광산구,S050000457,송정동초등학교,2,공립,N,,적정설치,적정설치,적정설치,미설치,적정설치,적정설치,적정설치,적정설치,적정설치,적정설치,적정설치
광주광역시교육청,광주광역시서부교육지원청,광주광역시 광산구,S050000460,송정서초등학교,2,공립,N,,적정설치,적정설치,적정설치,적정설치,적정설치,적정설치,적정설치,적정설치,적정설치,적정설치,적정설치
광주광역시교육청,광주광역시서부교육지원청,광주광역시 광산구,S050000462,송정중앙초등학교,2,공립,N,,적정설치,적정설치,적정설치,적정설치,적정설치,적정설치,적정설치,적정설치,적정설치,적정설치,미설치
광주광역시교육청,광주광역시서부교육지원청,광주광역시 광산구,S050000464,송정초등학교,2,공립,N,,적정설치,적정설치,적정설치,적정설치,적정설치,적정설치,적정설치,적정설치,적정설치,적정설치,적정설치
광주광역시교육청,광주광역시서부교육지원청,광주광역시 서구,S050000465,송학초등학교,2,공립,N,,적정설치,적정설치,적정설치,적정설치,적정설치,적정설치,적정설치,적정설치,적정설치,적정설치,적정설치
광주광역시교육청,광주광역시서부교육지원청,광주광역시 광산구,S050000466,신가초등학교,2,공립,N,,적정설치,적정설치,적정설치,적정설치,적정설치,적정설치,적정설치,적정설치,적정설치,단순설치,단순설치
광주광역시교육청,광주광역시서부교육지원청,광주광역시 서구,S050000467,신암초등학교,2,공립,N,,적정설치,적정설치,적정설치,미설치,미설치,적정설치,적정설치,적정설치,적정설치,적정설치,미설치
광주광역시교육청,광주광역시서부교육지원청,광주광역시 광산구,S050000468,어등초등학교,2,공립,N,,적정설치,적정설치,적정설치,적정설치,적정설치,적정설치,적정설치,적정설치,적정설치,적정설치,적정설치
광주광역시교육청,광주광역시서부교육지원청,광주광역시 서구,S050000469,염주초등학교,2,공립,N,,적정설치,단순설치,적정설치,적정설치,적정설치,적정설치,적정설치,적정설치,적정설치,적정설치,적정설치
광주광역시교육청,광주광역시서부교육지원청,광주광역시 광산구,S050000470,운남초등학교,2,공립,N,,적정설치,적정설치,적정설치,적정설치,적정설치,적정설치,적정설치,적정설치,적정설치,적정설치,적정설치
광주광역시교육청,광주광역시서부교육지원청,광주광역시 서구,S050000472,운천초등학교,2,공립,N,,적정설치,적정설치,적정설치,적정설치,적정설치,적정설치,적정설치,적정설치,적정설치,적정설치,적정설치
광주광역시교육청,광주광역시서부교육지원청,광주광역시 광산구,S050000474,월계초등학교,2,공립,N,,적정설치,적정설치,적정설치,단순설치,단순설치,적정설치,적정설치,적정설치,적정설치,적정설치,미설치
광주광역시교육청,광주광역시서부교육지원청,광주광역시 광산구,S050000475,월곡초등학교,2,공립,N,,적정설치,적정설치,단순설치,단순설치,적정설치,단순설치,적정설치,단순설치,적정설치,적정설치,단순설치
광주광역시교육청,광주광역시서부교육지원청,광주광역시 서구,S050000476,유덕초등학교,2,공립,N,,적정설치,적정설치,적정설치,적정설치,적정설치,적정설치,적정설치,적정설치,적정설치,적정설치,적정설치
광주광역시교육청,광주광역시서부교육지원청,광주광역시 남구,S050000477,유안초등학교,2,공립,N,,적정설치,적정설치,적정설치,적정설치,미설치,미설치,적정설치,적정설치,적정설치,적정설치,적정설치
광주광역시교육청,광주광역시서부교육지원청,광주광역시 서구,S050000478,유촌초등학교,2,공립,N,,적정설치,적정설치,적정설치,적정설치,적정설치,미설치,적정설치,적정설치,적정설치,적정설치,적정설치
광주광역시교육청,광주광역시서부교육지원청,광주광역시 광산구,S050000480,임곡초등학교,2,공립,N,,단순설치,적정설치,적정설치,적정설치,적정설치,미설치,적정설치,적정설치,적정설치,적정설치,미설치
광주광역시교육청,광주광역시서부교육지원청,광주광역시 남구,S050000482,장산초등학교,2,공립,N,,적정설치,적정설치,적정설치,적정설치,적정설치,적정설치,적정설치,적정설치,적정설치,미설치,미설치
광주광역시교육청,광주광역시서부교육지원청,광주광역시 광산구,S050000483,정암초등학교,2,공립,N,,적정설치,적정설치,적정설치,적정설치,적정설치,적정설치,적정설치,적정설치,단순설치,단순설치,단순설치
광주광역시교육청,광주광역시서부교육지원청,광주광역시 남구,S050000485,조봉초등학교,2,공립,N,,적정설치,적정설치,미설치,미설치,적정설치,미설치,적정설치,적정설치,적정설치,적정설치,미설치
광주광역시교육청,광주광역시서부교육지원청,광주광역시 서구,S050000486,주월초등학교,2,공립,N,,적정설치,적정설치,적정설치,적정설치,적정설치,적정설치,적정설치,적정설치,적정설치,적정설치,적정설치
광주광역시교육청,광주광역시서부교육지원청,광주광역시 광산구,S050000487,진만초등학교,2,공립,N,,적정설치,적정설치,적정설치,적정설치,단순설치,적정설치,적정설치,적정설치,적정설치,적정설치,적정설치
광주광역시교육청,광주광역시서부교육지원청,광주광역시 남구,S050000488,진월초등학교,2,공립,N,,적정설치,적정설치,적정설치,적정설치,적정설치,단순설치,적정설치,적정설치,적정설치,적정설치,적정설치
광주광역시교육청,광주광역시서부교육지원청,광주광역시 서구,S050000489,치평초등학교,2,공립,N,,적정설치,적정설치,적정설치,적정설치,적정설치,적정설치,적정설치,적정설치,적정설치,적정설치,적정설치
광주광역시교육청,광주광역시서부교육지원청,광주광역시 광산구,S050000491,평동초등학교,2,공립,N,,적정설치,적정설치,적정설치,단순설치,미설치,적정설치,적정설치,적정설치,적정설치,적정설치,적정설치
광주광역시교육청,광주광역시서부교육지원청,광주광역시 서구,S050000492,풍암초등학교,2,공립,N,,적정설치,적정설치,적정설치,적정설치,미설치,적정설치,적정설치,적정설치,적정설치,적정설치,미설치
광주광역시교육청,광주광역시서부교육지원청,광주광역시 광산구,S050000493,풍영초등학교,2,공립,N,,적정설치,적정설치,미설치,적정설치,미설치,미설치,적정설치,적정설치,적정설치,적정설치,적정설치
광주광역시교육청,광주광역시서부교육지원청,광주광역시 광산구,S050000498,하남중앙초등학교,2,공립,N,,단순설치,적정설치,단순설치,단순설치,미설치,미설치,적정설치,적정설치,적정설치,적정설치,미설치
광주광역시교육청,광주광역시서부교육지원청,광주광역시 광산구,S050000499,하남초등학교,2,공립,N,,적정설치,적정설치,적정설치,적정설치,적정설치,적정설치,적정설치,적정설치,적정설치,적정설치,적정설치
광주광역시교육청,광주광역시서부교육지원청,광주광역시 서구,S050000501,화개초등학교,2,공립,N,,적정설치,적정설치,적정설치,적정설치,적정설치,적정설치,적정설치,적정설치,적정설치,적정설치,적정설치
광주광역시교육청,광주광역시서부교육지원청,광주광역시 서구,S050000502,화정남초등학교,2,공립,N,,적정설치,적정설치,적정설치,적정설치,미설치,적정설치,적정설치,적정설치,적정설치,적정설치,적정설치
광주광역시교육청,광주광역시서부교육지원청,광주광역시 서구,S050000503,효광초등학교,2,공립,N,,적정설치,적정설치,적정설치,적정설치,미설치,적정설치,적정설치,적정설치,적정설치,적정설치,적정설치
광주광역시교육청,광주광역시서부교육지원청,광주광역시 서구,S050001107,계수초등학교,2,공립,N,,적정설치,적정설치,미설치,적정설치,적정설치,미설치,적정설치,적정설치,적정설치,적정설치,단순설치
광주광역시교육청,광주광역시서부교육지원청,광주광역시 광산구,S050001114,첨단초등학교,2,공립,N,,적정설치,적정설치,적정설치,적정설치,적정설치,적정설치,적정설치,적정설치,적정설치,적정설치,미설치
광주광역시교육청,광주광역시서부교육지원청,광주광역시 서구,S050001115,운리초등학교,2,공립,N,,적정설치,적정설치,적정설치,적정설치,미설치,미설치,적정설치,적정설치,적정설치,적정설치,적정설치
광주광역시교육청,광주광역시서부교육지원청,광주광역시 광산구,S050001116,대반초등학교,2,공립,N,,적정설치,적정설치,미설치,적정설치,미설치,미설치,적정설치,적정설치,미설치,적정설치,단순설치
광주광역시교육청,광주광역시서부교육지원청,광주광역시 광산구,S050001124,어룡초등학교,2,공립,N,,적정설치,적정설치,단순설치,적정설치,적정설치,적정설치,적정설치,미설치,적정설치,적정설치,적정설치
광주광역시교육청,광주광역시동부교육지원청,광주광역시 북구,S050001125,문우초등학교,2,공립,N,,적정설치,적정설치,적정설치,적정설치,적정설치,적정설치,적정설치,적정설치,미설치,적정설치,적정설치
광주광역시교육청,광주광역시서부교육지원청,광주광역시 광산구,S050001134,영천초등학교,2,공립,N,,적정설치,적정설치,적정설치,적정설치,미설치,적정설치,적정설치,적정설치,적정설치,적정설치,미설치
광주광역시교육청,광주광역시서부교육지원청,광주광역시 남구,S050001135,불로초등학교,2,공립,N,,적정설치,적정설치,적정설치,적정설치,적정설치,미설치,적정설치,적정설치,적정설치,적정설치,적정설치
광주광역시교육청,광주광역시서부교육지원청,광주광역시 광산구,S050001144,봉산초등학교,2,공립,N,,적정설치,적정설치,적정설치,적정설치,미설치,적정설치,적정설치,적정설치,적정설치,적정설치,적정설치
광주광역시교육청,광주광역시서부교육지원청,광주광역시 광산구,S050001150,월봉초등학교,2,공립,N,,적정설치,적정설치,적정설치,적정설치,적정설치,적정설치,적정설치,적정설치,적정설치,적정설치,적정설치
광주광역시교육청,광주광역시서부교육지원청,광주광역시 광산구,S050001151,선창초등학교,2,공립,N,,적정설치,적정설치,적정설치,적정설치,적정설치,적정설치,적정설치,적정설치,적정설치,적정설치,적정설치
광주광역시교육청,광주광역시서부교육지원청,광주광역시 광산구,S050001152,신창초등학교,2,공립,N,,적정설치,적정설치,적정설치,적정설치,미설치,적정설치,적정설치,적정설치,적정설치,적정설치,적정설치
광주광역시교육청,광주광역시서부교육지원청,광주광역시 서구,S050001153,만호초등학교,2,공립,N,,적정설치,적정설치,적정설치,적정설치,미설치,적정설치,적정설치,적정설치,적정설치,적정설치,적정설치
광주광역시교육청,광주광역시서부교육지원청,광주광역시 광산구,S050001154,수문초등학교,2,공립,N,,적정설치,적정설치,적정설치,적정설치,적정설치,적정설치,적정설치,적정설치,적정설치,적정설치,적정설치
광주광역시교육청,광주광역시동부교육지원청,광주광역시 북구,S050001164,본촌초등학교,2,공립,N,,적정설치,적정설치,적정설치,적정설치,미설치,적정설치,적정설치,적정설치,적정설치,적정설치,적정설치
광주광역시교육청,광주광역시동부교육지원청,광주광역시 북구,S050001165,연제초등학교,2,공립,N,,적정설치,적정설치,적정설치,적정설치,적정설치,적정설치,적정설치,적정설치,적정설치,적정설치,적정설치
광주광역시교육청,광주광역시동부교육지원청,광주광역시 북구,S050001166,양지초등학교,2,공립,N,,적정설치,적정설치,적정설치,적정설치,적정설치,적정설치,적정설치,적정설치,적정설치,적정설치,적정설치
광주광역시교육청,광주광역시서부교육지원청,광주광역시 서구,S050001167,광림초등학교,2,공립,N,,적정설치,적정설치,적정설치,적정설치,적정설치,적정설치,적정설치,적정설치,적정설치,적정설치,적정설치
광주광역시교육청,광주광역시서부교육지원청,광주광역시 서구,S050001168,빛고을초등학교,2,공립,N,,적정설치,적정설치,적정설치,적정설치,단순설치,적정설치,적정설치,적정설치,적정설치,적정설치,적정설치
광주광역시교육청,광주광역시서부교육지원청,광주광역시 광산구,S050001169,도산초등학교,2,공립,N,,적정설치,적정설치,적정설치,적정설치,미설치,적정설치,적정설치,적정설치,적정설치,적정설치,적정설치
광주광역시교육청,광주광역시동부교육지원청,광주광역시 북구,S050001174,한울초등학교,2,공립,N,,적정설치,적정설치,적정설치,적정설치,적정설치,적정설치,적정설치,적정설치,적정설치,적정설치,적정설치
광주광역시교육청,광주광역시동부교육지원청,광주광역시 북구,S050001175,하백초등학교,2,공립,N,,적정설치,적정설치,적정설치,미설치,적정설치,적정설치,적정설치,적정설치,적정설치,적정설치,적정설치
광주광역시교육청,광주광역시서부교육지원청,광주광역시 남구,S050001194,진남초등학교,2,공립,N,,적정설치,적정설치,적정설치,적정설치,적정설치,적정설치,적정설치,적정설치,적정설치,적정설치,적정설치
광주광역시교육청,광주광역시서부교육지원청,광주광역시 광산구,S050001229,산정초등학교,2,공립,N,,적정설치,적정설치,적정설치,적정설치,적정설치,적정설치,적정설치,적정설치,적정설치,적정설치,적정설치
광주광역시교육청,광주광역시서부교육지원청,광주광역시 광산구,S050001231,고실초등학교,2,공립,N,,적정설치,적정설치,적정설치,적정설치,적정설치,적정설치,적정설치,적정설치,적정설치,적정설치,적정설치
광주광역시교육청,광주광역시서부교육지원청,광주광역시 광산구,S050001233,장덕초등학교,2,공립,N,,적정설치,적정설치,적정설치,적정설치,미설치,적정설치,적정설치,적정설치,적정설치,적정설치,적정설치
광주광역시교육청,광주광역시서부교육지원청,광주광역시 광산구,S050001234,수완초등학교,2,공립,N,,적정설치,적정설치,적정설치,적정설치,적정설치,적정설치,적정설치,미설치,적정설치,적정설치,적정설치
광주광역시교육청,광주광역시서부교육지원청,광주광역시 광산구,S050001235,큰별초등학교,2,공립,N,,적정설치,적정설치,적정설치,적정설치,적정설치,적정설치,적정설치,적정설치,적정설치,적정설치,적정설치
광주광역시교육청,광주광역시서부교육지원청,광주광역시 남구,S050001239,진제초등학교,2,공립,N,,적정설치,적정설치,적정설치,적정설치,적정설치,적정설치,적정설치,적정설치,적정설치,적정설치,적정설치
광주광역시교육청,광주광역시서부교육지원청,광주광역시 광산구,S050001246,성덕초등학교,2,공립,N,,적정설치,적정설치,적정설치,적정설치,적정설치,적정설치,적정설치,적정설치,적정설치,적정설치,적정설치
광주광역시교육청,광주광역시서부교육지원청,광주광역시 광산구,S050001276,선운초등학교,2,공립,N,,적정설치,적정설치,적정설치,적정설치,미설치,적정설치,적정설치,적정설치,적정설치,적정설치,적정설치
광주광역시교육청,광주광역시동부교육지원청,광주광역시 북구,S050001285,신용초등학교,2,공립,N,,적정설치,단순설치,적정설치,적정설치,적정설치,적정설치,적정설치,적정설치,적정설치,적정설치,적정설치
광주광역시교육청,광주광역시동부교육지원청,광주광역시 북구,S050001287,건국초등학교,2,공립,N,,적정설치,적정설치,적정설치,적정설치,적정설치,미설치,적정설치,적정설치,적정설치,적정설치,적정설치
광주광역시교육청,광주광역시서부교육지원청,광주광역시 남구,S050001289,효천초등학교,2,공립,N,,적정설치,적정설치,적정설치,적정설치,적정설치,적정설치,적정설치,적정설치,적정설치,적정설치,적정설치
광주광역시교육청,광주광역시서부교육지원청,광주광역시 광산구,S050001373,은빛초등학교,2,공립,N,,적정설치,적정설치,적정설치,적정설치,미설치,적정설치,적정설치,적정설치,적정설치,적정설치,미설치
광주광역시교육청,광주광역시서부교육지원청,광주광역시 광산구,S050001416,새별초등학교,2,공립,N,,적정설치,적정설치,적정설치,단순설치,적정설치,적정설치,적정설치,적정설치,적정설치,적정설치,적정설치
광주광역시교육청,광주광역시동부교육지원청,광주광역시 북구,S050001440,광주북초등학교,2,공립,N,,적정설치,적정설치,적정설치,적정설치,미설치,미설치,적정설치,적정설치,적정설치,단순설치,미설치
광주광역시교육청,광주광역시동부교육지원청,광주광역시 동구,S050001464,지한초등학교,2,공립,N,,적정설치,적정설치,적정설치,적정설치,적정설치,적정설치,적정설치,적정설치,적정설치,적정설치,적정설치
광주광역시교육청,교육부,광주광역시 북구,S000003517,전남대학교사범대학부설중학교,3,국립,N,,적정설치,적정설치,적정설치,적정설치,적정설치,미설치,적정설치,적정설치,미설치,미설치,미설치
광주광역시교육청,광주광역시동부교육지원청,광주광역시 북구,S050000169,각화중학교,3,공립,N,,적정설치,적정설치,적정설치,적정설치,적정설치,적정설치,적정설치,적정설치,적정설치,적정설치,적정설치
광주광역시교육청,광주광역시동부교육지원청,광주광역시 북구,S050000171,고려중학교,3,사립,N,,단순설치,단순설치,적정설치,미설치,미설치,미설치,적정설치,적정설치,단순설치,적정설치,적정설치
광주광역시교육청,광주광역시동부교육지원청,광주광역시 북구,S050000172,광주경신중학교,3,사립,N,,적정설치,적정설치,적정설치,적정설치,적정설치,미설치,적정설치,적정설치,적정설치,적정설치,적정설치
광주광역시교육청,광주광역시동부교육지원청,광주광역시 북구,S050000173,광주동신여자중학교,3,사립,N,,적정설치,적정설치,적정설치,적정설치,적정설치,적정설치,적정설치,적정설치,적정설치,적정설치,미설치
광주광역시교육청,광주광역시동부교육지원청,광주광역시 북구,S050000174,광주동신중학교,3,사립,N,,적정설치,단순설치,적정설치,적정설치,적정설치,적정설치,적정설치,적정설치,적정설치,적정설치,미설치
광주광역시교육청,광주광역시동부교육지원청,광주광역시 동구,S050000175,무등중학교,3,공립,N,,적정설치,적정설치,적정설치,적정설치,적정설치,적정설치,적정설치,적정설치,적정설치,적정설치,적정설치
광주광역시교육청,광주광역시동부교육지원청,광주광역시 북구,S050000176,광주북성중학교,3,공립,N,,적정설치,적정설치,적정설치,적정설치,미설치,적정설치,적정설치,적정설치,적정설치,적정설치,적정설치
광주광역시교육청,광주광역시동부교육지원청,광주광역시 북구,S050000178,광주숭일중학교,3,사립,N,,단순설치,적정설치,적정설치,적정설치,미설치,미설치,적정설치,적정설치,적정설치,적정설치,미설치
광주광역시교육청,광주광역시동부교육지원청,광주광역시 북구,S050000180,금호중앙중학교,3,사립,N,,적정설치,적정설치,적정설치,적정설치,적정설치,미설치,적정설치,적정설치,적정설치,적정설치,적정설치
광주광역시교육청,광주광역시서부교육지원청,광주광역시 광산구,S050000181,광주진흥중학교,3,사립,N,,적정설치,적정설치,적정설치,적정설치,적정설치,미설치,적정설치,적정설치,적정설치,적정설치,단순설치
광주광역시교육청,광주광역시동부교육지원청,광주광역시 북구,S050000182,광주체육중학교,3,공립,N,,단순설치,적정설치,미설치,적정설치,적정설치,적정설치,미설치,미설치,적정설치,적정설치,미설치
광주광역시교육청,광주광역시동부교육지원청,광주광역시 동구,S050000183,광주충장중학교,3,공립,N,,미설치,적정설치,적정설치,적정설치,미설치,적정설치,적정설치,적정설치,미설치,적정설치,적정설치
광주광역시교육청,광주광역시동부교육지원청,광주광역시 북구,S050000185,두암중학교,3,공립,N,,적정설치,적정설치,적정설치,적정설치,적정설치,적정설치,적정설치,적정설치,적정설치,적정설치,적정설치
광주광역시교육청,광주광역시동부교육지원청,광주광역시 북구,S050000186,문산중학교,3,공립,N,,적정설치,적정설치,적정설치,적정설치,적정설치,적정설치,적정설치,적정설치,적정설치,적정설치,적정설치
광주광역시교육청,광주광역시동부교육지원청,광주광역시 북구,S050000188,문화중학교,3,공립,N,,적정설치,단순설치,적정설치,적정설치,적정설치,적정설치,단순설치,단순설치,적정설치,적정설치,단순설치
광주광역시교육청,광주광역시동부교육지원청,광주광역시 북구,S050000189,문흥중학교,3,공립,N,,적정설치,적정설치,적정설치,적정설치,적정설치,적정설치,적정설치,적정설치,적정설치,적정설치,적정설치
광주광역시교육청,광주광역시동부교육지원청,광주광역시 동구,S050000191,살레시오여자중학교,3,사립,N,,단순설치,적정설치,적정설치,적정설치,적정설치,적정설치,적정설치,적정설치,적정설치,적정설치,미설치
광주광역시교육청,광주광역시동부교육지원청,광주광역시 북구,S050000192,살레시오중학교,3,사립,N,,적정설치,적정설치,적정설치,적정설치,단순설치,적정설치,적정설치,적정설치,적정설치,적정설치,적정설치
광주광역시교육청,광주광역시동부교육지원청,광주광역시 북구,S050000193,서강중학교,3,사립,N,,적정설치,적정설치,적정설치,적정설치,적정설치,적정설치,적정설치,적정설치,적정설치,적정설치,적정설치
광주광역시교육청,광주광역시동부교육지원청,광주광역시 북구,S050000195,신광중학교,3,공립,N,,적정설치,적정설치,적정설치,적정설치,적정설치,적정설치,적정설치,적정설치,적정설치,적정설치,적정설치
광주광역시교육청,광주광역시동부교육지원청,광주광역시 북구,S050000196,양산중학교,3,공립,N,,적정설치,적정설치,적정설치,적정설치,적정설치,적정설치,적정설치,적정설치,적정설치,적정설치,적정설치
광주광역시교육청,광주광역시동부교육지원청,광주광역시 북구,S050000197,용봉중학교,3,공립,N,,적정설치,적정설치,적정설치,적정설치,적정설치,단순설치,적정설치,적정설치,적정설치,적정설치,적정설치
광주광역시교육청,광주광역시동부교육지원청,광주광역시 북구,S050000198,우산중학교,3,공립,N,,적정설치,적정설치,적정설치,적정설치,적정설치,적정설치,적정설치,적정설치,적정설치,적정설치,적정설치
광주광역시교육청,광주광역시동부교육지원청,광주광역시 동구,S050000199,운림중학교,3,공립,N,,적정설치,적정설치,적정설치,적정설치,적정설치,적정설치,적정설치,적정설치,적정설치,적정설치,적정설치
광주광역시교육청,광주광역시동부교육지원청,광주광역시 북구,S050000200,운암중학교,3,공립,N,,적정설치,적정설치,적정설치,적정설치,적정설치,적정설치,적정설치,적정설치,적정설치,적정설치,적정설치
광주광역시교육청,광주광역시동부교육지원청,광주광역시 북구,S050000201,일곡중학교,3,공립,N,,적정설치,적정설치,적정설치,적정설치,적정설치,적정설치,적정설치,적정설치,적정설치,적정설치,적정설치
광주광역시교육청,광주광역시동부교육지원청,광주광역시 북구,S050000202,일동중학교,3,공립,N,,적정설치,적정설치,적정설치,적정설치,미설치,적정설치,적정설치,적정설치,적정설치,적정설치,적정설치
광주광역시교육청,광주광역시동부교육지원청,광주광역시 동구,S050000205,조선대학교부속중학교,3,사립,N,,단순설치,단순설치,단순설치,미설치,미설치,미설치,적정설치,적정설치,단순설치,미설치,미설치
광주광역시교육청,광주광역시동부교육지원청,광주광역시 동구,S050000206,조선대학교여자중학교,3,사립,N,,적정설치,적정설치,적정설치,적정설치,미설치,적정설치,적정설치,미설치,미설치,미설치,미설치
광주광역시교육청,광주광역시서부교육지원청,광주광역시 서구,S050000363,광덕중학교,3,사립,N,,적정설치,적정설치,적정설치,적정설치,적정설치,미설치,적정설치,적정설치,적정설치,적정설치,적정설치
광주광역시교육청,광주광역시서부교육지원청,광주광역시 광산구,S050000365,광산중학교,3,공립,N,,단순설치,단순설치,미설치,미설치,적정설치,단순설치,적정설치,적정설치,단순설치,단순설치,미설치
광주광역시교육청,광주광역시서부교육지원청,광주광역시 광산구,S050000366,평동중학교,3,공립,N,,적정설치,적정설치,적정설치,적정설치,적정설치,미설치,적정설치,적정설치,적정설치,적정설치,적정설치
광주광역시교육청,광주광역시서부교육지원청,광주광역시 서구,S050000368,광주동명중학교,3,공립,N,,적정설치,적정설치,적정설치,적정설치,적정설치,적정설치,적정설치,적정설치,적정설치,적정설치,적정설치
광주광역시교육청,광주광역시서부교육지원청,광주광역시 남구,S050000369,광주동성여자중학교,3,사립,N,,적정설치,적정설치,적정설치,적정설치,미설치,미설치,적정설치,미설치,적정설치,적정설치,적정설치
광주광역시교육청,광주광역시서부교육지원청,광주광역시 남구,S050000370,광주동성중학교,3,사립,N,,적정설치,적정설치,적정설치,적정설치,단순설치,미설치,적정설치,적정설치,적정설치,적정설치,적정설치
광주광역시교육청,광주광역시서부교육지원청,광주광역시 남구,S050000371,광주무진중학교,3,공립,N,,적정설치,적정설치,적정설치,적정설치,적정설치,적정설치,적정설치,적정설치,적정설치,적정설치,적정설치
광주광역시교육청,광주광역시서부교육지원청,광주광역시 남구,S050000373,광주서광중학교,3,공립,N,,적정설치,적정설치,적정설치,적정설치,적정설치,적정설치,적정설치,단순설치,적정설치,적정설치,적정설치
광주광역시교육청,광주광역시서부교육지원청,광주광역시 서구,S050000374,광주서석중학교,3,사립,N,,미설치,미설치,미설치,미설치,미설치,미설치,적정설치,미설치,미설치,적정설치,미설치
광주광역시교육청,광주광역시서부교육지원청,광주광역시 남구,S050000375,광주송원중학교,3,사립,N,,적정설치,단순설치,미설치,적정설치,적정설치,적정설치,적정설치,적정설치,적정설치,적정설치,적정설치
광주광역시교육청,광주광역시서부교육지원청,광주광역시 남구,S050000376,광주수피아여자중학교,3,사립,N,,적정설치,적정설치,적정설치,적정설치,미설치,적정설치,적정설치,적정설치,적정설치,적정설치,적정설치
광주광역시교육청,광주광역시서부교육지원청,광주광역시 서구,S050000377,광주중학교,3,공립,N,,적정설치,적정설치,적정설치,적정설치,미설치,적정설치,적정설치,적정설치,적정설치,적정설치,미설치
광주광역시교육청,광주광역시서부교육지원청,광주광역시 서구,S050000379,광주화정중학교,3,공립,N,,적정설치,적정설치,적정설치,적정설치,적정설치,적정설치,적정설치,적정설치,적정설치,적정설치,적정설치
광주광역시교육청,광주광역시서부교육지원청,광주광역시 서구,S050000381,광주효광중학교,3,공립,N,,적정설치,적정설치,적정설치,적정설치,적정설치,미설치,적정설치,적정설치,적정설치,적정설치,적정설치
광주광역시교육청,광주광역시서부교육지원청,광주광역시 광산구,S050000382,금구중학교,3,공립,N,,적정설치,적정설치,적정설치,적정설치,미설치,적정설치,적정설치,적정설치,적정설치,적정설치,미설치
광주광역시교육청,광주광역시서부교육지원청,광주광역시 남구,S050000383,금당중학교,3,공립,N,,적정설치,적정설치,적정설치,미설치,미설치,미설치,적정설치,적정설치,미설치,적정설치,미설치
광주광역시교육청,광주광역시서부교육지원청,광주광역시 서구,S050000385,금호중학교,3,공립,N,,적정설치,적정설치,적정설치,적정설치,적정설치,적정설치,적정설치,적정설치,적정설치,적정설치,적정설치
광주광역시교육청,광주광역시서부교육지원청,광주광역시 남구,S050000386,대성여자중학교,3,사립,N,,적정설치,적정설치,적정설치,적정설치,미설치,미설치,적정설치,적정설치,적정설치,적정설치,미설치
광주광역시교육청,광주광역시서부교육지원청,광주광역시 남구,S050000387,대촌중학교,3,공립,N,,적정설치,적정설치,적정설치,적정설치,적정설치,적정설치,적정설치,적정설치,적정설치,적정설치,적정설치
광주광역시교육청,광주광역시서부교육지원청,광주광역시 남구,S050000388,동아여자중학교,3,사립,N,,적정설치,적정설치,적정설치,적정설치,적정설치,미설치,적정설치,적정설치,적정설치,적정설치,적정설치
광주광역시교육청,광주광역시서부교육지원청,광주광역시 남구,S050000390,문성중학교,3,사립,N,,적정설치,단순설치,적정설치,적정설치,적정설치,미설치,단순설치,미설치,적정설치,적정설치,미설치
광주광역시교육청,광주광역시서부교육지원청,광주광역시 남구,S050000392,봉선중학교,3,공립,N,,적정설치,적정설치,적정설치,적정설치,적정설치,적정설치,적정설치,적정설치,적정설치,적정설치,적정설치
광주광역시교육청,광주광역시서부교육지원청,광주광역시 광산구,S050000393,비아중학교,3,사립,N,,적정설치,적정설치,적정설치,적정설치,미설치,미설치,적정설치,적정설치,적정설치,적정설치,미설치
광주광역시교육청,광주광역시서부교육지원청,광주광역시 서구,S050000394,상무중학교,3,공립,N,,적정설치,적정설치,적정설치,적정설치,적정설치,미설치,적정설치,적정설치,적정설치,적정설치,미설치
광주광역시교육청,광주광역시서부교육지원청,광주광역시 서구,S050000395,상일중학교,3,공립,N,,단순설치,단순설치,단순설치,단순설치,적정설치,적정설치,적정설치,적정설치,적정설치,적정설치,적정설치
광주광역시교육청,광주광역시서부교육지원청,광주광역시 광산구,S050000398,송정중학교,3,공립,N,,적정설치,적정설치,적정설치,적정설치,미설치,적정설치,적정설치,적정설치,적정설치,적정설치,적정설치
광주광역시교육청,광주광역시서부교육지원청,광주광역시 남구,S050000399,숭의중학교,3,사립,N,,적정설치,적정설치,적정설치,적정설치,적정설치,미설치,적정설치,적정설치,적정설치,적정설치,적정설치
광주광역시교육청,광주광역시서부교육지원청,광주광역시 광산구,S050000400,운남중학교,3,공립,N,,단순설치,단순설치,단순설치,적정설치,적정설치,적정설치,적정설치,적정설치,적정설치,적정설치,적정설치
광주광역시교육청,광주광역시서부교육지원청,광주광역시 광산구,S050000401,월계중학교,3,공립,N,,적정설치,적정설치,적정설치,적정설치,적정설치,적정설치,적정설치,적정설치,적정설치,적정설치,미설치
광주광역시교육청,광주광역시서부교육지원청,광주광역시 광산구,S050000402,월곡중학교,3,공립,N,,적정설치,적정설치,적정설치,적정설치,적정설치,미설치,적정설치,적정설치,적정설치,적정설치,적정설치
광주광역시교육청,광주광역시서부교육지원청,광주광역시 광산구,S050000403,임곡중학교,3,사립,N,,미설치,단순설치,미설치,미설치,미설치,미설치,적정설치,적정설치,적정설치,적정설치,적정설치
광주광역시교육청,광주광역시서부교육지원청,광주광역시 광산구,S050000404,정광중학교,3,사립,N,,적정설치,적정설치,적정설치,적정설치,적정설치,미설치,단순설치,적정설치,적정설치,적정설치,미설치
광주광역시교육청,광주광역시서부교육지원청,광주광역시 남구,S050000405,주월중학교,3,공립,N,,단순설치,적정설치,적정설치,적정설치,단순설치,단순설치,적정설치,적정설치,단순설치,적정설치,단순설치
광주광역시교육청,광주광역시서부교육지원청,광주광역시 광산구,S050000406,천곡중학교,3,공립,N,,적정설치,적정설치,적정설치,적정설치,적정설치,미설치,적정설치,적정설치,적정설치,적정설치,미설치
광주광역시교육청,광주광역시서부교육지원청,광주광역시 서구,S050000407,치평중학교,3,공립,N,,적정설치,적정설치,적정설치,적정설치,적정설치,미설치,적정설치,적정설치,적정설치,적정설치,적정설치
광주광역시교육청,광주광역시서부교육지원청,광주광역시 서구,S050000408,풍암중학교,3,공립,N,,적정설치,적정설치,적정설치,적정설치,미설치,적정설치,적정설치,적정설치,미설치,적정설치,미설치
광주광역시교육청,광주광역시서부교육지원청,광주광역시 광산구,S050000410,하남중학교,3,공립,N,,적정설치,적정설치,적정설치,적정설치,적정설치,미설치,적정설치,적정설치,적정설치,미설치,미설치
광주광역시교육청,광주광역시서부교육지원청,광주광역시 서구,S050000991,전남중학교,3,공립,N,,적정설치,적정설치,적정설치,적정설치,적정설치,미설치,적정설치,적정설치,적정설치,적정설치,적정설치
광주광역시교육청,광주광역시서부교육지원청,광주광역시 광산구,S050001120,첨단중학교,3,공립,N,,적정설치,적정설치,적정설치,미설치,미설치,적정설치,적정설치,적정설치,적정설치,적정설치,미설치
광주광역시교육청,광주광역시서부교육지원청,광주광역시 광산구,S050001130,송광중학교,3,공립,N,,적정설치,적정설치,적정설치,적정설치,적정설치,적정설치,적정설치,적정설치,적정설치,적정설치,적정설치
광주광역시교육청,광주광역시서부교육지원청,광주광역시 광산구,S050001131,신가중학교,3,공립,N,,적정설치,단순설치,적정설치,적정설치,적정설치,적정설치,적정설치,적정설치,적정설치,적정설치,적정설치
광주광역시교육청,광주광역시서부교육지원청,광주광역시 광산구,S050001132,영천중학교,3,공립,N,,적정설치,적정설치,적정설치,적정설치,적정설치,적정설치,적정설치,적정설치,적정설치,적정설치,적정설치
광주광역시교육청,광주광역시서부교육지원청,광주광역시 광산구,S050001133,봉산중학교,3,공립,N,,적정설치,적정설치,미설치,적정설치,미설치,적정설치,적정설치,미설치,미설치,미설치,미설치
광주광역시교육청,광주광역시서부교육지원청,광주광역시 광산구,S050001170,신창중학교,3,공립,N,,적정설치,적정설치,적정설치,적정설치,적정설치,적정설치,적정설치,적정설치,적정설치,적정설치,적정설치
광주광역시교육청,광주광역시동부교육지원청,광주광역시 북구,S050001171,지산중학교,3,공립,N,,적정설치,적정설치,적정설치,적정설치,미설치,적정설치,적정설치,적정설치,적정설치,적정설치,적정설치
광주광역시교육청,광주광역시서부교육지원청,광주광역시 서구,S050001172,운리중학교,3,공립,N,,적정설치,적정설치,적정설치,적정설치,단순설치,적정설치,적정설치,적정설치,단순설치,적정설치,적정설치
광주광역시교육청,광주광역시동부교육지원청,광주광역시 북구,S050001173,일신중학교,3,공립,N,,적정설치,적정설치,적정설치,적정설치,단순설치,적정설치,적정설치,적정설치,적정설치,적정설치,적정설치
광주광역시교육청,광주광역시동부교육지원청,광주광역시 서구,S050001191,대자중학교,3,공립,N,,적정설치,적정설치,적정설치,적정설치,적정설치,적정설치,적정설치,적정설치,적정설치,적정설치,적정설치
광주광역시교육청,광주광역시서부교육지원청,광주광역시 광산구,S050001192,월봉중학교,3,공립,N,,적정설치,단순설치,적정설치,적정설치,적정설치,적정설치,적정설치,적정설치,적정설치,적정설치,적정설치
광주광역시교육청,광주광역시서부교육지원청,광주광역시 서구,S050001193,유덕중학교,3,공립,N,,적정설치,적정설치,적정설치,미설치,적정설치,적정설치,적정설치,적정설치,적정설치,적정설치,미설치
광주광역시교육청,광주광역시동부교육지원청,광주광역시 북구,S050001237,용두중학교,3,공립,N,,적정설치,적정설치,적정설치,적정설치,미설치,적정설치,적정설치,적정설치,적정설치,적정설치,적정설치
광주광역시교육청,광주광역시서부교육지원청,광주광역시 남구,S050001238,진남중학교,3,공립,N,,적정설치,적정설치,적정설치,적정설치,적정설치,적정설치,적정설치,적정설치,적정설치,적정설치,적정설치
광주광역시교육청,광주광역시서부교육지원청,광주광역시 광산구,S050001244,산정중학교,3,공립,N,,적정설치,적정설치,적정설치,적정설치,적정설치,적정설치,적정설치,적정설치,적정설치,적정설치,미설치
광주광역시교육청,광주광역시서부교육지원청,광주광역시 광산구,S050001245,성덕중학교,3,공립,N,,적정설치,적정설치,적정설치,적정설치,적정설치,적정설치,적정설치,적정설치,적정설치,적정설치,적정설치
광주광역시교육청,광주광역시서부교육지원청,광주광역시 광산구,S050001247,장덕중학교,3,공립,N,,적정설치,적정설치,적정설치,적정설치,미설치,적정설치,적정설치,미설치,적정설치,적정설치,미설치
광주광역시교육청,광주광역시서부교육지원청,광주광역시 광산구,S050001248,수완중학교,3,공립,N,,적정설치,적정설치,적정설치,적정설치,미설치,적정설치,적정설치,적정설치,적정설치,적정설치,미설치
광주광역시교육청,광주광역시서부교육지원청,광주광역시 광산구,S050001275,선운중학교,3,공립,N,,적정설치,적정설치,적정설치,적정설치,적정설치,적정설치,적정설치,적정설치,적정설치,적정설치,적정설치
광주광역시교육청,광주광역시동부교육지원청,광주광역시 북구,S050001280,신용중학교,3,공립,N,,적정설치,적정설치,적정설치,적정설치,적정설치,적정설치,적정설치,미설치,적정설치,적정설치,적정설치
광주광역시교육청,광주광역시서부교육지원청,광주광역시 남구,S050001291,효천중학교,3,공립,N,,적정설치,적정설치,적정설치,적정설치,적정설치,적정설치,적정설치,적정설치,적정설치,적정설치,적정설치
광주광역시교육청,광주광역시서부교육지원청,광주광역시 광산구,S050001420,수완하나중학교,3,공립,N,,적정설치,적정설치,적정설치,적정설치,적정설치,적정설치,적정설치,미설치,적정설치,적정설치,적정설치
광주광역시교육청,교육부,광주광역시 북구,S000003516,전남대학교사범대학부설고등학교,4,국립,N,,적정설치,적정설치,적정설치,적정설치,적정설치,적정설치,적정설치,적정설치,적정설치,단순설치,적정설치
광주광역시교육청,광주광역시교육청,광주광역시 북구,S050000088,고려고등학교,4,사립,N,,적정설치,적정설치,적정설치,적정설치,적정설치,미설치,적정설치,적정설치,적정설치,적정설치,미설치
광주광역시교육청,광주광역시교육청,광주광역시 서구,S050000089,광덕고등학교,4,사립,N,,적정설치,적정설치,적정설치,적정설치,적정설치,미설치,적정설치,적정설치,적정설치,적정설치,적정설치
광주광역시교육청,광주광역시교육청,광주광역시 광산구,S050000092,광일고등학교,4,사립,N,,미설치,적정설치,적정설치,적정설치,적정설치,미설치,적정설치,적정설치,적정설치,적정설치,적정설치
광주광역시교육청,광주광역시교육청,광주광역시 북구,S050000093,광주경신여자고등학교,4,사립,N,,단순설치,적정설치,적정설치,미설치,미설치,미설치,적정설치,적정설치,적정설치,적정설치,미설치
광주광역시교육청,광주광역시교육청,광주광역시 동구,S050000094,광주고등학교,4,공립,N,,적정설치,적정설치,적정설치,적정설치,적정설치,적정설치,적정설치,적정설치,적정설치,적정설치,적정설치
광주광역시교육청,광주광역시교육청,광주광역시 북구,S050000096,광주과학고등학교,4,공립,N,,적정설치,적정설치,적정설치,적정설치,적정설치,적정설치,적정설치,적정설치,적정설치,적정설치,적정설치
광주광역시교육청,광주광역시교육청,광주광역시 북구,S050000097,광주공업고등학교,4,공립,N,,적정설치,적정설치,적정설치,미설치,미설치,적정설치,적정설치,적정설치,단순설치,미설치,적정설치
광주광역시교육청,광주광역시교육청,광주광역시 서구,S050000100,광주대동고등학교,4,사립,N,,적정설치,단순설치,적정설치,단순설치,적정설치,적정설치,적정설치,미설치,적정설치,적정설치,미설치
광주광역시교육청,광주광역시교육청,광주광역시 남구,S050000101,광주동성고등학교,4,사립,N,,적정설치,적정설치,적정설치,적정설치,미설치,적정설치,적정설치,적정설치,적정설치,미설치,적정설치
광주광역시교육청,광주광역시교육청,광주광역시 북구,S050000102,광주동신고등학교,4,사립,N,,적정설치,적정설치,적정설치,적정설치,미설치,미설치,적정설치,미설치,적정설치,적정설치,적정설치
광주광역시교육청,광주광역시교육청,광주광역시 북구,S050000103,광주동신여자고등학교,4,사립,N,,적정설치,적정설치,적정설치,적정설치,적정설치,미설치,적정설치,적정설치,적정설치,적정설치,미설치
광주광역시교육청,광주광역시교육청,광주광역시 서구,S050000107,광주서석고등학교,4,사립,N,,적정설치,적정설치,적정설치,미설치,미설치,미설치,적정설치,미설치,미설치,적정설치,미설치
광주광역시교육청,광주광역시교육청,광주광역시 남구,S050000108,광주석산고등학교,4,사립,N,,단순설치,적정설치,단순설치,미설치,적정설치,미설치,적정설치,미설치,적정설치,적정설치,적정설치
광주광역시교육청,광주광역시교육청,광주광역시 남구,S050000109,광주수피아여자고등학교,4,사립,N,,적정설치,적정설치,적정설치,적정설치,적정설치,미설치,적정설치,미설치,미설치,적정설치,미설치
광주광역시교육청,광주광역시교육청,광주광역시 북구,S050000110,광주숭일고등학교,4,사립,N,,적정설치,적정설치,미설치,미설치,미설치,미설치,적정설치,적정설치,미설치,적정설치,적정설치
광주광역시교육청,광주광역시교육청,광주광역시 서구,S050000112,광주여자고등학교,4,공립,N,,적정설치,적정설치,적정설치,적정설치,적정설치,적정설치,적정설치,적정설치,적정설치,적정설치,적정설치
광주광역시교육청,광주광역시교육청,광주광역시 남구,S050000114,광주여자상업고등학교,4,사립,N,,적정설치,적정설치,적정설치,미설치,미설치,미설치,적정설치,적정설치,적정설치,적정설치,미설치
광주광역시교육청,광주광역시교육청,광주광역시 북구,S050000116,광주예술고등학교,4,공립,N,,적정설치,적정설치,적정설치,적정설치,적정설치,적정설치,적정설치,적정설치,적정설치,적정설치,적정설치
광주광역시교육청,광주광역시교육청,광주광역시 남구,S050000118,광주인성고등학교,4,사립,N,,적정설치,적정설치,적정설치,미설치,적정설치,적정설치,적정설치,적정설치,적정설치,적정설치,미설치
광주광역시교육청,광주광역시교육청,광주광역시 북구,S050000119,광주자연과학고등학교,4,공립,N,,적정설치,적정설치,적정설치,적정설치,미설치,적정설치,적정설치,적정설치,적정설치,적정설치,적정설치
광주광역시교육청,광주광역시교육청,광주광역시 광산구,S050000120,광주소프트웨어마이스터고등학교,4,공립,N,,미설치,적정설치,미설치,적정설치,적정설치,미설치,적정설치,적정설치,적정설치,적정설치,적정설치
광주광역시교육청,광주광역시교육청,광주광역시 광산구,S050000121,광주전자공업고등학교,4,공립,N,,적정설치,적정설치,적정설치,적정설치,적정설치,적정설치,적정설치,적정설치,적정설치,적정설치,적정설치
광주광역시교육청,광주광역시교육청,광주광역시 광산구,S050000122,광주자동화설비공업고등학교,4,공립,N,,적정설치,적정설치,적정설치,적정설치,미설치,적정설치,적정설치,적정설치,적정설치,미설치,적정설치
광주광역시교육청,광주광역시교육청,광주광역시 북구,S050000123,광주제일고등학교,4,공립,N,,적정설치,적정설치,적정설치,적정설치,적정설치,적정설치,적정설치,적정설치,적정설치,적정설치,적정설치
광주광역시교육청,광주광역시교육청,광주광역시 북구,S050000125,금호중앙여자고등학교,4,사립,N,,적정설치,적정설치,적정설치,적정설치,미설치,단순설치,적정설치,미설치,적정설치,적정설치,미설치
광주광역시교육청,광주광역시교육청,광주광역시 광산구,S050000126,광주진흥고등학교,4,사립,N,,적정설치,적정설치,적정설치,적정설치,적정설치,적정설치,적정설치,적정설치,적정설치,적정설치,적정설치
광주광역시교육청,광주광역시교육청,광주광역시 북구,S050000127,광주체육고등학교,4,공립,N,,적정설치,적정설치,적정설치,적정설치,적정설치,적정설치,적정설치,적정설치,적정설치,적정설치,적정설치
광주광역시교육청,광주광역시교육청,광주광역시 북구,S050000128,국제고등학교,4,사립,N,,적정설치,적정설치,적정설치,적정설치,미설치,미설치,적정설치,적정설치,미설치,적정설치,미설치
광주광역시교육청,광주광역시교육청,광주광역시 북구,S050000129,금파공업고등학교,4,사립,N,,적정설치,적정설치,적정설치,단순설치,적정설치,미설치,적정설치,적정설치,적정설치,적정설치,적정설치
광주광역시교육청,광주광역시교육청,광주광역시 북구,S050000131,금호고등학교,4,사립,N,,적정설치,적정설치,적정설치,적정설치,적정설치,미설치,적정설치,적정설치,적정설치,적정설치,적정설치
광주광역시교육청,광주광역시교육청,광주광역시 남구,S050000133,대광여자고등학교,4,사립,N,,단순설치,적정설치,단순설치,단순설치,단순설치,미설치,적정설치,미설치,미설치,미설치,미설치
광주광역시교육청,광주광역시교육청,광주광역시 남구,S050000134,대성여자고등학교,4,사립,N,,적정설치,적정설치,적정설치,적정설치,미설치,미설치,단순설치,단순설치,적정설치,적정설치,미설치
광주광역시교육청,광주광역시교육청,광주광역시 광산구,S050000135,동명고등학교,4,사립,N,,적정설치,적정설치,적정설치,적정설치,적정설치,적정설치,적정설치,적정설치,적정설치,적정설치,적정설치
광주광역시교육청,광주광역시교육청,광주광역시 남구,S050000136,동아여자고등학교,4,사립,N,,적정설치,적정설치,적정설치,적정설치,적정설치,미설치,적정설치,적정설치,적정설치,적정설치,단순설치
광주광역시교육청,광주광역시교육청,광주광역시 남구,S050000137,동일미래과학고등학교,4,사립,N,,적정설치,적정설치,적정설치,적정설치,미설치,미설치,적정설치,적정설치,적정설치,적정설치,적정설치
광주광역시교육청,광주광역시교육청,광주광역시 남구,S050000138,문성고등학교,4,사립,N,,단순설치,단순설치,단순설치,적정설치,단순설치,미설치,단순설치,단순설치,적정설치,적정설치,미설치
광주광역시교육청,광주광역시교육청,광주광역시 광산구,S050000139,보문고등학교,4,사립,N,,미설치,적정설치,단순설치,적정설치,미설치,미설치,단순설치,단순설치,적정설치,적정설치,단순설치
광주광역시교육청,광주광역시교육청,광주광역시 북구,S050000142,살레시오고등학교,4,사립,N,,적정설치,적정설치,적정설치,적정설치,적정설치,적정설치,적정설치,적정설치,적정설치,적정설치,적정설치
광주광역시교육청,광주광역시교육청,광주광역시 동구,S050000143,살레시오여자고등학교,4,사립,N,,단순설치,적정설치,적정설치,단순설치,적정설치,적정설치,단순설치,적정설치,적정설치,적정설치,미설치
광주광역시교육청,광주광역시교육청,광주광역시 서구,S050000144,상무고등학교,4,공립,N,,적정설치,적정설치,적정설치,적정설치,적정설치,적정설치,적정설치,적정설치,적정설치,적정설치,적정설치
광주광역시교육청,광주광역시교육청,광주광역시 북구,S050000145,서강고등학교,4,사립,N,,적정설치,적정설치,적정설치,적정설치,적정설치,적정설치,적정설치,적정설치,적정설치,적정설치,적정설치
광주광역시교육청,광주광역시교육청,광주광역시 남구,S050000146,서진여자고등학교,4,사립,N,,단순설치,단순설치,단순설치,단순설치,적정설치,단순설치,적정설치,적정설치,미설치,미설치,미설치
광주광역시교육청,광주광역시교육청,광주광역시 남구,S050000147,설월여자고등학교,4,사립,N,,적정설치,적정설치,적정설치,적정설치,미설치,미설치,적정설치,적정설치,적정설치,적정설치,적정설치
광주광역시교육청,광주광역시교육청,광주광역시 광산구,S050000148,명진고등학교,4,사립,N,,적정설치,적정설치,적정설치,적정설치,적정설치,적정설치,적정설치,적정설치,적정설치,적정설치,적정설치
광주광역시교육청,광주광역시교육청,광주광역시 남구,S050000149,송원고등학교,4,사립,N,,적정설치,단순설치,적정설치,적정설치,적정설치,적정설치,적정설치,미설치,적정설치,적정설치,적정설치
광주광역시교육청,광주광역시교육청,광주광역시 남구,S050000150,송원여자고등학교,4,사립,N,,적정설치,적정설치,적정설치,적정설치,적정설치,적정설치,적정설치,적정설치,적정설치,적정설치,적정설치
광주광역시교육청,광주광역시교육청,광주광역시 광산구,S050000153,숭덕고등학교,4,사립,N,,미설치,적정설치,미설치,미설치,미설치,미설치,적정설치,미설치,적정설치,적정설치,적정설치
광주광역시교육청,광주광역시교육청,광주광역시 남구,S050000154,숭의고등학교,4,사립,N,,적정설치,적정설치,적정설치,적정설치,적정설치,적정설치,적정설치,적정설치,적정설치,적정설치,적정설치
광주광역시교육청,광주광역시교육청,광주광역시 서구,S050000155,전남고등학교,4,공립,N,,적정설치,적정설치,적정설치,적정설치,적정설치,적정설치,적정설치,적정설치,적정설치,적정설치,적정설치
광주광역시교육청,광주광역시교육청,광주광역시 광산구,S050000156,전남공업고등학교,4,공립,N,,적정설치,적정설치,적정설치,단순설치,적정설치,적정설치,적정설치,적정설치,적정설치,적정설치,미설치
광주광역시교육청,광주광역시교육청,광주광역시 동구,S050000161,전남여자고등학교,4,공립,N,,적정설치,적정설치,적정설치,적정설치,미설치,적정설치,적정설치,적정설치,적정설치,적정설치,적정설치
광주광역시교육청,광주광역시교육청,광주광역시 북구,S050000163,전남여자상업고등학교,4,사립,N,,적정설치,적정설치,적정설치,적정설치,적정설치,미설치,단순설치,단순설치,적정설치,적정설치,미설치
광주광역시교육청,광주광역시교육청,광주광역시 광산구,S050000165,정광고등학교,4,사립,N,,적정설치,적정설치,미설치,적정설치,미설치,적정설치,적정설치,적정설치,적정설치,적정설치,미설치
광주광역시교육청,광주광역시교육청,광주광역시 동구,S050000166,조선대학교부속고등학교,4,사립,N,,적정설치,적정설치,적정설치,적정설치,적정설치,적정설치,적정설치,적정설치,적정설치,적정설치,적정설치
광주광역시교육청,광주광역시교육청,광주광역시 동구,S050000167,조선대학교여자고등학교,4,사립,N,,적정설치,적정설치,단순설치,적정설치,미설치,적정설치,미설치,미설치,적정설치,적정설치,적정설치
광주광역시교육청,광주광역시교육청,광주광역시 남구,S050000168,호남삼육고등학교,4,사립,N,,적정설치,적정설치,적정설치,적정설치,미설치,단순설치,적정설치,적정설치,적정설치,적정설치,미설치
광주광역시교육청,광주광역시교육청,광주광역시 남구,S050001096,송원여자상업고등학교,4,사립,N,,적정설치,적정설치,적정설치,적정설치,미설치,적정설치,적정설치,적정설치,적정설치,적정설치,적정설치
광주광역시교육청,광주광역시교육청,광주광역시 광산구,S050001118,운남고등학교,4,공립,N,,적정설치,적정설치,적정설치,적정설치,단순설치,적정설치,적정설치,적정설치,적정설치,적정설치,적정설치
광주광역시교육청,광주광역시교육청,광주광역시 서구,S050001119,풍암고등학교,4,공립,N,,단순설치,단순설치,단순설치,미설치,미설치,단순설치,단순설치,단순설치,단순설치,단순설치,미설치
광주광역시교육청,광주광역시교육청,광주광역시 광산구,S050001155,첨단고등학교,4,공립,N,,적정설치,적정설치,적정설치,적정설치,미설치,적정설치,적정설치,적정설치,적정설치,적정설치,적정설치
광주광역시교육청,광주광역시교육청,광주광역시 서구,S050001226,상일여자고등학교,4,공립,N,,적정설치,적정설치,적정설치,적정설치,적정설치,적정설치,적정설치,적정설치,적정설치,적정설치,적정설치
광주광역시교육청,광주광역시교육청,광주광역시 광산구,S050001230,장덕고등학교,4,공립,N,,적정설치,적정설치,적정설치,적정설치,미설치,적정설치,적정설치,적정설치,적정설치,적정설치,적정설치
광주광역시교육청,광주광역시교육청,광주광역시 광산구,S050001232,수완고등학교,4,공립,N,,적정설치,적정설치,적정설치,적정설치,적정설치,적정설치,적정설치,적정설치,적정설치,적정설치,적정설치
광주광역시교육청,광주광역시교육청,광주광역시 북구,S050001236,문정여자고등학교,4,공립,N,,적정설치,적정설치,적정설치,적정설치,적정설치,적정설치,적정설치,적정설치,적정설치,적정설치,적정설치
광주광역시교육청,광주광역시교육청,광주광역시 광산구,S050001278,성덕고등학교,4,공립,N,,적정설치,적정설치,적정설치,적정설치,적정설치,적정설치,적정설치,적정설치,적정설치,적정설치,적정설치
광주광역시교육청,광주광역시교육청,광주광역시 북구,S050001283,빛고을고등학교,4,공립,N,,적정설치,적정설치,적정설치,적정설치,적정설치,적정설치,적정설치,적정설치,적정설치,적정설치,적정설치
광주광역시교육청,광주광역시교육청,광주광역시 광산구,S050000640,광주선광학교,5,공립,N,,적정설치,적정설치,적정설치,적정설치,적정설치,적정설치,적정설치,적정설치,적정설치,적정설치,적정설치
광주광역시교육청,광주광역시교육청,광주광역시 남구,S050000641,광주선명학교,5,공립,N,,적정설치,적정설치,적정설치,적정설치,적정설치,적정설치,적정설치,적정설치,미설치,적정설치,적정설치
광주광역시교육청,광주광역시교육청,광주광역시 서구,S050000642,광주세광학교,5,사립,N,,적정설치,적정설치,적정설치,적정설치,적정설치,적정설치,적정설치,적정설치,적정설치,적정설치,적정설치
광주광역시교육청,광주광역시교육청,광주광역시 북구,S050000645,은혜학교,5,사립,N,,적정설치,적정설치,적정설치,적정설치,적정설치,적정설치,적정설치,적정설치,미설치,적정설치,적정설치
광주광역시교육청,광주광역시교육청,광주광역시 북구,S050001274,광주선우학교,5,공립,N,,적정설치,적정설치,적정설치,적정설치,적정설치,적정설치,적정설치,적정설치,적정설치,적정설치,적정설치
광주광역시교육청,광주광역시교육청,광주광역시 북구,S050000644,금호미용예술학교,8,사립,N,,적정설치,미설치,적정설치,적정설치,적정설치,미설치,미설치,미설치,미설치,미설치,미설치
광주광역시교육청,광주광역시서부교육지원청,광주광역시 남구,S050001099,호남삼육중학교,9,사립,N,,적정설치,적정설치,적정설치,적정설치,적정설치,미설치,적정설치,미설치,적정설치,적정설치,적정설치
광주광역시교육청,광주광역시교육청,광주광역시 동구,S050000095,광주고등학교부설방송통신고등학교,11,공립,N,,적정설치,적정설치,적정설치,적정설치,적정설치,적정설치,적정설치,적정설치,적정설치,적정설치,적정설치
광주광역시교육청,광주광역시교육청,광주광역시 동구,S050000162,전남여자고등학교부설방송통신고등학교,11,공립,N,,적정설치,적정설치,적정설치,적정설치,미설치,적정설치,적정설치,적정설치,적정설치,적정설치,적정설치
광주광역시교육청,광주광역시서부교육지원청,광주광역시 서구,S050001434,월광기독학교,19,사립,N,,적정설치,적정설치,적정설치,적정설치,적정설치,적정설치,적정설치,적정설치,적정설치,적정설치,적정설치
광주광역시교육청,광주광역시동부교육지원청,광주광역시 북구,S050001412,광주북성중학교부설방송통신중학교,25,공립,N,,적정설치,적정설치,적정설치,적정설치,미설치,적정설치,적정설치,적정설치,적정설치,적정설치,적정설치
